Suite/Test/Step Name,Browser,Description,Tag,Start time,End time,Duration,Status
Tugas 8 Sekolah QA,,,,2023-02-12 16:45:10,2023-02-12 16:45:18,7.785s,PASSED
,,,,,,,
Test Cases/Test API Chaining/Test API Chaining,,,,2023-02-12 16:45:10,2023-02-12 16:45:17,6.184s,PASSED
"responseGetUser = sendRequest(findTestObject(""Admin/Get User""))",,,,2023-02-12 16:45:11,2023-02-12 16:45:12,1.518s,PASSED
"verifyResponseStatusCode(responseGetUser, 200)",,,,2023-02-12 16:45:12,2023-02-12 16:45:12,0.000s,PASSED
slurperGetUser = new groovy.json.JsonSlurper(),,,,2023-02-12 16:45:12,2023-02-12 16:45:12,0.012s,PASSED
resultGetUser = slurperGetUser.parseText(responseGetUser.getResponseBodyContent()),,,,2023-02-12 16:45:12,2023-02-12 16:45:12,0.000s,PASSED
apiPostLoanResponseGetUser = responseGetUser.getResponseText(),,,,2023-02-12 16:45:12,2023-02-12 16:45:12,0.000s,PASSED
valueGetUser = employeeId,,,,2023-02-12 16:45:12,2023-02-12 16:45:12,0.019s,PASSED
id = valueGetUser,,,,2023-02-12 16:45:12,2023-02-12 16:45:12,0.000s,PASSED
"sendRequestAndVerify(findTestObject(""Admin/Get User"", [""employeeId"":id]))",,,,2023-02-12 16:45:12,2023-02-12 16:45:13,0.432s,PASSED
"JsonGetUser = ""
	{
	""$schema"": ""https://json-schema.org/draft/2019-09/schema"",
	""$id"": ""http://example.com/example.json"",
	""type"": ""object"",
	""default"": {},
	""title"": ""Root Schema"",
	""required"": [
		""data"",
		""rels""
	],
	""properties"": {
		""data"": {
			""type"": ""array"",
			""default"": [],
			""title"": ""The data Schema"",
			""items"": {
				""type"": ""object"",
				""default"": {},
				""title"": ""A Schema"",
				""required"": [
					""userName"",
					""userRole"",
					""status"",
					""employeeName"",
					""employeeId""
				],
				""properties"": {
					""userName"": {
						""type"": ""string"",
						""default"": """",
						""title"": ""The userName Schema"",
						""examples"": [
							""ajaditanya123""
						]
					},
					""userRole"": {
						""type"": ""string"",
						""default"": """",
						""title"": ""The userRole Schema"",
						""examples"": [
							""Admin""
						]
					},
					""status"": {
						""type"": ""string"",
						""default"": """",
						""title"": ""The status Schema"",
						""examples"": [
							""Enabled""
						]
					},
					""employeeName"": {
						""type"": ""string"",
						""default"": """",
						""title"": ""The employeeName Schema"",
						""examples"": [
							""aja ditanya (Past Employee)""
						]
					},
					""employeeId"": {
						""type"": ""string"",
						""default"": """",
						""title"": ""The employeeId Schema"",
						""examples"": [
							""113""
						]
					}
				},
				""examples"": [{
					""userName"": ""ajaditanya123"",
					""userRole"": ""Admin"",
					""status"": ""Enabled"",
					""employeeName"": ""aja ditanya (Past Employee)"",
					""employeeId"": ""113""
				}]
			},
			""examples"": [
				[{
					""userName"": ""ajaditanya123"",
					""userRole"": ""Admin"",
					""status"": ""Enabled"",
					""employeeName"": ""aja ditanya (Past Employee)"",
					""employeeId"": ""113""
				}]
			]
		},
		""rels"": {
			""type"": ""array"",
			""default"": [],
			""title"": ""The rels Schema"",
			""items"": {},
			""examples"": [
				[]
			]
		}
	},
	""examples"": [{
		""data"": [{
			""userName"": ""ajaditanya123"",
			""userRole"": ""Admin"",
			""status"": ""Enabled"",
			""employeeName"": ""aja ditanya (Past Employee)"",
			""employeeId"": ""113""
		}],
		""rels"": []
	}]
}
""",,,,2023-02-12 16:45:13,2023-02-12 16:45:13,0.000s,PASSED
"successfulGetUser = validateJsonAgainstSchema(responseGetUser, JsonGetUser)",,,,2023-02-12 16:45:13,2023-02-12 16:45:13,0.063s,PASSED
"responseLoginAdmin = sendRequest(findTestObject(""Admin/Login Admin""))",,,,2023-02-12 16:45:13,2023-02-12 16:45:13,0.532s,PASSED
"verifyResponseStatusCode(responseLoginAdmin, 200)",,,,2023-02-12 16:45:13,2023-02-12 16:45:13,0.000s,PASSED
slurperLoginAdmin = new groovy.json.JsonSlurper(),,,,2023-02-12 16:45:13,2023-02-12 16:45:13,0.000s,PASSED
resultLoginAdmin = slurperLoginAdmin.parseText(responseLoginAdmin.getResponseBodyContent()),,,,2023-02-12 16:45:13,2023-02-12 16:45:13,0.000s,PASSED
apiPostLoanResponseLoginAdmin = responseLoginAdmin.getResponseText(),,,,2023-02-12 16:45:13,2023-02-12 16:45:13,0.000s,PASSED
valueLoginAdmin = employeeId,,,,2023-02-12 16:45:13,2023-02-12 16:45:13,0.000s,PASSED
id = valueLoginAdmin,,,,2023-02-12 16:45:13,2023-02-12 16:45:13,0.000s,PASSED
"sendRequestAndVerify(findTestObject(""Admin/Login Admin"", [""employeeId"":id]))",,,,2023-02-12 16:45:13,2023-02-12 16:45:14,0.644s,PASSED
"JsonLoginAdmin = ""
{
    ""$schema"": ""https://json-schema.org/draft/2019-09/schema"",
    ""$id"": ""http://example.com/example.json"",
    ""type"": ""object"",
    ""default"": {},
    ""title"": ""Root Schema"",
    ""required"": [
        ""login"",
        ""user""
    ],
    ""properties"": {
        ""login"": {
            ""type"": ""boolean"",
            ""default"": false,
            ""title"": ""The login Schema"",
            ""examples"": [
                true
            ]
        },
        ""user"": {
            ""type"": ""object"",
            ""default"": {},
            ""title"": ""The user Schema"",
            ""required"": [
                ""userName"",
                ""userRole"",
                ""status"",
                ""employeeName"",
                ""employeeId""
            ],
            ""properties"": {
                ""userName"": {
                    ""type"": ""string"",
                    ""default"": """",
                    ""title"": ""The userName Schema"",
                    ""examples"": [
                        ""tester""
                    ]
                },
                ""userRole"": {
                    ""type"": ""string"",
                    ""default"": """",
                    ""title"": ""The userRole Schema"",
                    ""examples"": [
                        ""ESS""
                    ]
                },
                ""status"": {
                    ""type"": ""string"",
                    ""default"": """",
                    ""title"": ""The status Schema"",
                    ""examples"": [
                        ""Enabled""
                    ]
                },
                ""employeeName"": {
                    ""type"": ""string"",
                    ""default"": """",
                    ""title"": ""The employeeName Schema"",
                    ""examples"": [
                        ""tester tester""
                    ]
                },
                ""employeeId"": {
                    ""type"": ""string"",
                    ""default"": """",
                    ""title"": ""The employeeId Schema"",
                    ""examples"": [
                        ""4""
                    ]
                }
            },
            ""examples"": [{
                ""userName"": ""tester"",
                ""userRole"": ""ESS"",
                ""status"": ""Enabled"",
                ""employeeName"": ""tester tester"",
                ""employeeId"": ""4""
            }]
        }
    },
    ""examples"": [{
        ""login"": true,
        ""user"": {
            ""userName"": ""tester"",
            ""userRole"": ""ESS"",
            ""status"": ""Enabled"",
            ""employeeName"": ""tester tester"",
            ""employeeId"": ""4""
        }
    }]
}
""",,,,2023-02-12 16:45:14,2023-02-12 16:45:14,0.000s,PASSED
"successfulLoginAdmin = validateJsonAgainstSchema(responseLoginAdmin, JsonLoginAdmin)",,,,2023-02-12 16:45:14,2023-02-12 16:45:14,0.000s,PASSED
"responseAdd = sendRequest(findTestObject(""Employee/Add Employee""))",,,,2023-02-12 16:45:14,2023-02-12 16:45:14,0.245s,PASSED
"verifyResponseStatusCode(responseAdd, 200)",,,,2023-02-12 16:45:14,2023-02-12 16:45:14,0.000s,PASSED
slurperAdd = new groovy.json.JsonSlurper(),,,,2023-02-12 16:45:14,2023-02-12 16:45:14,0.000s,PASSED
resultAdd = slurperAdd.parseText(responseAdd.getResponseBodyContent()),,,,2023-02-12 16:45:14,2023-02-12 16:45:14,0.000s,PASSED
apiPostLoanResponseAdd = responseAdd.getResponseText(),,,,2023-02-12 16:45:14,2023-02-12 16:45:14,0.000s,PASSED
valueAdd = id,,,,2023-02-12 16:45:14,2023-02-12 16:45:14,0.000s,PASSED
id = valueAdd,,,,2023-02-12 16:45:14,2023-02-12 16:45:14,0.000s,PASSED
"verifyElementPropertyValue(responseAdd, ""success"", ""Successfully Saved"")",,,,2023-02-12 16:45:14,2023-02-12 16:45:14,0.016s,PASSED
"responseIn = sendRequest(findTestObject(""Punch/Punch In""))",,,,2023-02-12 16:45:14,2023-02-12 16:45:14,0.209s,PASSED
"verifyResponseStatusCode(responseIn, 200)",,,,2023-02-12 16:45:14,2023-02-12 16:45:14,0.000s,PASSED
"verifyElementPropertyValue(responseIn, ""success"", ""Successfully Punched In"")",,,,2023-02-12 16:45:14,2023-02-12 16:45:14,0.013s,PASSED
"responseDetails = sendRequest(findTestObject(""Employee/Employee Details""))",,,,2023-02-12 16:45:14,2023-02-12 16:45:15,0.203s,PASSED
"verifyResponseStatusCode(responseDetails, 200)",,,,2023-02-12 16:45:15,2023-02-12 16:45:15,0.000s,PASSED
slurperDetails = new groovy.json.JsonSlurper(),,,,2023-02-12 16:45:15,2023-02-12 16:45:15,0.000s,PASSED
resultDetails = slurperDetails.parseText(responseDetails.getResponseBodyContent()),,,,2023-02-12 16:45:15,2023-02-12 16:45:15,0.000s,PASSED
apiPostLoanResponseDetails = responseDetails.getResponseText(),,,,2023-02-12 16:45:15,2023-02-12 16:45:15,0.000s,PASSED
valueDetails = employeeId,,,,2023-02-12 16:45:15,2023-02-12 16:45:15,0.000s,PASSED
employeeId = valueDetails,,,,2023-02-12 16:45:15,2023-02-12 16:45:15,0.000s,PASSED
"nationality = ""Indonesian""",,,,2023-02-12 16:45:15,2023-02-12 16:45:15,0.000s,PASSED
"sendRequestAndVerify(findTestObject(""Employee/Employee Details"", [""employeeId"":employeeId]))",,,,2023-02-12 16:45:15,2023-02-12 16:45:15,0.327s,PASSED
"responseSearch = sendRequest(findTestObject(""Employee/Search Employee""))",,,,2023-02-12 16:45:15,2023-02-12 16:45:15,0.205s,PASSED
"verifyResponseStatusCode(responseSearch, 200)",,,,2023-02-12 16:45:15,2023-02-12 16:45:15,0.000s,PASSED
"sendRequestAndVerify(findTestObject(""Employee/Search Employee"", [""employeeId"":employeeId]))",,,,2023-02-12 16:45:15,2023-02-12 16:45:16,0.343s,PASSED
"responseUpdate = sendRequest(findTestObject(""Employee/Update Employee Detail""))",,,,2023-02-12 16:45:16,2023-02-12 16:45:16,0.205s,PASSED
"verifyResponseStatusCode(responseUpdate, 200)",,,,2023-02-12 16:45:16,2023-02-12 16:45:16,0.000s,PASSED
"verifyElementPropertyValue(responseUpdate, ""success"", ""Successfully Updated"")",,,,2023-02-12 16:45:16,2023-02-12 16:45:16,0.000s,PASSED
"responseDetails1 = sendRequest(findTestObject(""Employee/Employee Details""))",,,,2023-02-12 16:45:16,2023-02-12 16:45:16,0.200s,PASSED
"verifyResponseStatusCode(responseDetails1, 200)",,,,2023-02-12 16:45:16,2023-02-12 16:45:16,0.000s,PASSED
slurperDetails1 = new groovy.json.JsonSlurper(),,,,2023-02-12 16:45:16,2023-02-12 16:45:16,0.000s,PASSED
resultDetails1 = slurperDetails.parseText(responseDetails1.getResponseBodyContent()),,,,2023-02-12 16:45:16,2023-02-12 16:45:16,0.000s,PASSED
apiPostLoanResponseDetails1 = responseDetails1.getResponseText(),,,,2023-02-12 16:45:16,2023-02-12 16:45:16,0.000s,PASSED
valueDetails1 = nationality,,,,2023-02-12 16:45:16,2023-02-12 16:45:16,0.000s,PASSED
nationality = valueDetails1,,,,2023-02-12 16:45:16,2023-02-12 16:45:16,0.000s,PASSED
"sendRequestAndVerify(findTestObject(""Employee/Employee Details"", [""nationality"":nationality]))",,,,2023-02-12 16:45:16,2023-02-12 16:45:16,0.308s,PASSED
"responseOut = sendRequest(findTestObject(""Punch/Punch Out""))",,,,2023-02-12 16:45:16,2023-02-12 16:45:16,0.198s,PASSED
"verifyResponseStatusCode(responseOut, 200)",,,,2023-02-12 16:45:16,2023-02-12 16:45:16,0.000s,PASSED
"verifyElementPropertyValue(responseOut, ""success"", ""Successfully Punched Out"")",,,,2023-02-12 16:45:16,2023-02-12 16:45:16,0.000s,PASSED
"responseTerminate = sendRequest(findTestObject(""Employee/Terminate Employee""))",,,,2023-02-12 16:45:16,2023-02-12 16:45:17,0.219s,PASSED
"verifyResponseStatusCode(responseTerminate, 200)",,,,2023-02-12 16:45:17,2023-02-12 16:45:17,0.000s,PASSED
"verifyElementPropertyValue(responseTerminate, ""success"", ""Successfully Terminated"")",,,,2023-02-12 16:45:17,2023-02-12 16:45:17,0.000s,PASSED
,,,,,,,
Test Cases/Test API Chaining/Negative Case,,,,2023-02-12 16:45:17,2023-02-12 16:45:18,1.440s,PASSED
"response = sendRequest(findTestObject(""Admin/Get User - Negative""))",,,,2023-02-12 16:45:17,2023-02-12 16:45:17,0.201s,PASSED
"verifyResponseStatusCode(response, 404)",,,,2023-02-12 16:45:17,2023-02-12 16:45:17,0.000s,PASSED
"response = sendRequest(findTestObject(""Admin/Login Admin - Negative""))",,,,2023-02-12 16:45:17,2023-02-12 16:45:17,0.170s,PASSED
"verifyResponseStatusCode(response, 202)",,,,2023-02-12 16:45:17,2023-02-12 16:45:17,0.000s,PASSED
"response = sendRequest(findTestObject(""Employee/Add Employee - Negatavie""))",,,,2023-02-12 16:45:17,2023-02-12 16:45:17,0.173s,PASSED
"verifyResponseStatusCode(response, 202)",,,,2023-02-12 16:45:17,2023-02-12 16:45:17,0.000s,PASSED
"response = sendRequest(findTestObject(""Employee/Employee Details - Negative""))",,,,2023-02-12 16:45:17,2023-02-12 16:45:18,0.189s,PASSED
"verifyResponseStatusCode(response, 404)",,,,2023-02-12 16:45:18,2023-02-12 16:45:18,0.000s,PASSED
"response = sendRequest(findTestObject(""Employee/Search Employee - Negative""))",,,,2023-02-12 16:45:18,2023-02-12 16:45:18,0.194s,PASSED
"verifyResponseStatusCode(response, 404)",,,,2023-02-12 16:45:18,2023-02-12 16:45:18,0.000s,PASSED
"response = sendRequest(findTestObject(""Employee/Terminate Employee - Negative""))",,,,2023-02-12 16:45:18,2023-02-12 16:45:18,0.175s,PASSED
"verifyResponseStatusCode(response, 404)",,,,2023-02-12 16:45:18,2023-02-12 16:45:18,0.000s,PASSED
"response = sendRequest(findTestObject(""Employee/Update Employee Detail - Negative""))",,,,2023-02-12 16:45:18,2023-02-12 16:45:18,0.170s,PASSED
"verifyResponseStatusCode(response, 400)",,,,2023-02-12 16:45:18,2023-02-12 16:45:18,0.000s,PASSED
